run_id,protocol,n,seed,workload_arrival_process,workload_tx_bytes,workload_conflict_rate,workload_offered_rate,commit_hash,t_max,commit_latency_ms,finality_latency_ms,tps,goodput,consensus_msgs_per_acu,total_msgs_per_acu,bytes_per_acu,success_rate,fork_rate,K,alpha_p,alpha_c,beta,alpha_c_over_K,network_phase_id,e_delay_ms,slot_duration_ms,clipped_fraction,run_horizon_s
casper-ffg-n10,casper-ffg,10,0,poisson,512,0.0,100.0,2c04ef76-dirty,480.0,6241.218979691,6241.218979691,4.125000,98.910417,10.721717,10.721717,113413.214141,1.000000,0.000000,nan,nan,nan,nan,nan,delay-exponential,300.000,1200.000,0.014925,528.000
casper-ffg-n10,casper-ffg,10,1,poisson,512,0.0,100.0,2c04ef76-dirty,480.0,6217.989696659,6217.989696659,4.125000,98.691667,10.767677,10.767677,113422.222222,1.000000,0.000000,nan,nan,nan,nan,nan,delay-exponential,300.000,1200.000,0.014925,528.000
casper-ffg-n10,casper-ffg,10,2,poisson,512,0.0,100.0,2c04ef76-dirty,480.0,6237.064991358,6237.064991358,4.125000,98.362500,10.658586,10.658586,113431.846465,1.000000,0.000000,nan,nan,nan,nan,nan,delay-exponential,300.000,1200.000,0.014925,528.000
casper-ffg-n10,casper-ffg,10,3,poisson,512,0.0,100.0,2c04ef76-dirty,480.0,6240.883276674,6240.883276674,4.125000,99.231250,10.689394,10.689394,113437.884848,1.000000,0.000000,nan,nan,nan,nan,nan,delay-exponential,300.000,1200.000,0.014925,528.000
casper-ffg-n10,casper-ffg,10,4,poisson,512,0.0,100.0,2c04ef76-dirty,480.0,6332.808808925,6332.808808925,4.125000,99.181250,10.638384,10.638384,113427.886869,1.000000,0.000000,nan,nan,nan,nan,nan,delay-exponential,300.000,1200.000,0.014925,528.000
casper-ffg-n10,casper-ffg,10,5,poisson,512,0.0,100.0,2c04ef76-dirty,480.0,6228.064765077,6228.064765077,4.125000,99.320833,10.703535,10.703535,113440.656566,1.000000,0.000000,nan,nan,nan,nan,nan,delay-exponential,300.000,1200.000,0.014925,528.000
casper-ffg-n10,casper-ffg,10,6,poisson,512,0.0,100.0,2c04ef76-dirty,480.0,6278.443492413,6278.443492413,4.125000,99.293750,10.735354,10.735354,113446.892929,1.000000,0.000000,nan,nan,nan,nan,nan,delay-exponential,300.000,1200.000,0.014925,528.000
casper-ffg-n10,casper-ffg,10,7,poisson,512,0.0,100.0,2c04ef76-dirty,480.0,6266.733296344,6266.733296344,4.125000,99.170833,10.680303,10.680303,113405.096970,1.000000,0.000000,nan,nan,nan,nan,nan,delay-exponential,300.000,1200.000,0.014925,528.000
casper-ffg-n10,casper-ffg,10,8,poisson,512,0.0,100.0,2c04ef76-dirty,480.0,6308.337061846,6308.337061846,4.125000,99.062500,10.680808,10.680808,113436.202020,1.000000,0.000000,nan,nan,nan,nan,nan,delay-exponential,300.000,1200.000,0.014925,528.000
casper-ffg-n10,casper-ffg,10,9,poisson,512,0.0,100.0,2c04ef76-dirty,480.0,6313.772584675,6313.772584675,4.125000,99.247917,10.708586,10.708586,113410.640404,1.000000,0.000000,nan,nan,nan,nan,nan,delay-exponential,300.000,1200.000,0.014925,528.000
casper-ffg-n10,casper-ffg,10,10,poisson,512,0.0,100.0,2c04ef76-dirty,480.0,6256.276334956,6256.276334956,4.125000,99.658333,10.712121,10.712121,113442.339394,1.000000,0.000000,nan,nan,nan,nan,nan,delay-exponential,300.000,1200.000,0.014925,528.000
casper-ffg-n10,casper-ffg,10,11,poisson,512,0.0,100.0,2c04ef76-dirty,480.0,6311.378145330,6311.378145330,4.125000,99.102083,10.722727,10.722727,113444.418182,1.000000,0.000000,nan,nan,nan,nan,nan,delay-exponential,300.000,1200.000,0.014925,528.000
casper-ffg-n10,casper-ffg,10,12,poisson,512,0.0,100.0,2c04ef76-dirty,480.0,6255.603023370,6255.603023370,4.125000,99.893750,10.694444,10.694444,113438.874747,1.000000,0.000000,nan,nan,nan,nan,nan,delay-exponential,300.000,1200.000,0.014925,528.000
casper-ffg-n10,casper-ffg,10,13,poisson,512,0.0,100.0,2c04ef76-dirty,480.0,6291.447581668,6291.447581668,4.125000,99.131250,10.676263,10.676263,113435.311111,1.000000,0.000000,nan,nan,nan,nan,nan,delay-exponential,300.000,1200.000,0.014925,528.000
casper-ffg-n10,casper-ffg,10,14,poisson,512,0.0,100.0,2c04ef76-dirty,480.0,6287.712711322,6287.712711322,4.125000,99.312500,10.730303,10.730303,113445.903030,1.000000,0.000000,nan,nan,nan,nan,nan,delay-exponential,300.000,1200.000,0.014925,528.000
casper-ffg-n10,casper-ffg,10,15,poisson,512,0.0,100.0,2c04ef76-dirty,480.0,6273.255661633,6273.255661633,4.125000,99.222917,10.758081,10.758081,113451.347475,1.000000,0.000000,nan,nan,nan,nan,nan,delay-exponential,300.000,1200.000,0.014925,528.000
casper-ffg-n10,casper-ffg,10,16,poisson,512,0.0,100.0,2c04ef76-dirty,480.0,6278.350461249,6278.350461249,4.125000,98.358333,10.708586,10.708586,113441.646465,1.000000,0.000000,nan,nan,nan,nan,nan,delay-exponential,300.000,1200.000,0.014925,528.000
casper-ffg-n10,casper-ffg,10,17,poisson,512,0.0,100.0,2c04ef76-dirty,480.0,6369.014372542,6369.014372542,4.125000,98.979167,10.712121,10.712121,113411.333333,1.000000,0.000000,nan,nan,nan,nan,nan,delay-exponential,300.000,1200.000,0.014925,528.000
casper-ffg-n10,casper-ffg,10,18,poisson,512,0.0,100.0,2c04ef76-dirty,480.0,6348.377469642,6348.377469642,4.125000,99.200000,10.680303,10.680303,113436.103030,1.000000,0.000000,nan,nan,nan,nan,nan,delay-exponential,300.000,1200.000,0.014925,528.000
casper-ffg-n10,casper-ffg,10,19,poisson,512,0.0,100.0,2c04ef76-dirty,480.0,6305.088238200,6305.088238200,4.125000,99.202083,10.694444,10.694444,113438.874747,1.000000,0.000000,nan,nan,nan,nan,nan,delay-exponential,300.000,1200.000,0.014925,528.000
casper-ffg-n10,casper-ffg,10,0,poisson,512,0.0,100.0,2c04ef76-dirty,480.0,6320.421691328,6320.421691328,4.125000,98.910417,10.859091,10.859091,113471.145455,1.000000,0.000000,nan,nan,nan,nan,nan,delay-uniform,300.000,1200.000,0.014925,528.000
casper-ffg-n10,casper-ffg,10,1,poisson,512,0.0,100.0,2c04ef76-dirty,480.0,6306.576790851,6306.576790851,4.125000,98.691667,10.859091,10.859091,113471.145455,1.000000,0.000000,nan,nan,nan,nan,nan,delay-uniform,300.000,1200.000,0.014925,528.000
casper-ffg-n10,casper-ffg,10,2,poisson,512,0.0,100.0,2c04ef76-dirty,480.0,6338.000040352,6338.000040352,4.125000,98.362500,10.859091,10.859091,113471.145455,1.000000,0.000000,nan,nan,nan,nan,nan,delay-uniform,300.000,1200.000,0.014925,528.000
casper-ffg-n10,casper-ffg,10,3,poisson,512,0.0,100.0,2c04ef76-dirty,480.0,6320.713472659,6320.713472659,4.125000,99.231250,10.859091,10.859091,113471.145455,1.000000,0.000000,nan,nan,nan,nan,nan,delay-uniform,300.000,1200.000,0.014925,528.000
casper-ffg-n10,casper-ffg,10,4,poisson,512,0.0,100.0,2c04ef76-dirty,480.0,6373.603506830,6373.603506830,4.125000,99.181250,10.859091,10.859091,113471.145455,1.000000,0.000000,nan,nan,nan,nan,nan,delay-uniform,300.000,1200.000,0.014925,528.000
casper-ffg-n10,casper-ffg,10,5,poisson,512,0.0,100.0,2c04ef76-dirty,480.0,6312.792458233,6312.792458233,4.125000,99.320833,10.859091,10.859091,113471.145455,1.000000,0.000000,nan,nan,nan,nan,nan,delay-uniform,300.000,1200.000,0.014925,528.000
casper-ffg-n10,casper-ffg,10,6,poisson,512,0.0,100.0,2c04ef76-dirty,480.0,6341.882511844,6341.882511844,4.125000,99.293750,10.859091,10.859091,113471.145455,1.000000,0.000000,nan,nan,nan,nan,nan,delay-uniform,300.000,1200.000,0.014925,528.000
casper-ffg-n10,casper-ffg,10,7,poisson,512,0.0,100.0,2c04ef76-dirty,480.0,6335.560002715,6335.560002715,4.125000,99.170833,10.859091,10.859091,113471.145455,1.000000,0.000000,nan,nan,nan,nan,nan,delay-uniform,300.000,1200.000,0.014925,528.000
casper-ffg-n10,casper-ffg,10,8,poisson,512,0.0,100.0,2c04ef76-dirty,480.0,6376.030852842,6376.030852842,4.125000,99.062500,10.859091,10.859091,113471.145455,1.000000,0.000000,nan,nan,nan,nan,nan,delay-uniform,300.000,1200.000,0.014925,528.000
casper-ffg-n10,casper-ffg,10,9,poisson,512,0.0,100.0,2c04ef76-dirty,480.0,6358.980193926,6358.980193926,4.125000,99.247917,10.859091,10.859091,113471.145455,1.000000,0.000000,nan,nan,nan,nan,nan,delay-uniform,300.000,1200.000,0.014925,528.000
casper-ffg-n10,casper-ffg,10,10,poisson,512,0.0,100.0,2c04ef76-dirty,480.0,6329.730750617,6329.730750617,4.125000,99.658333,10.859091,10.859091,113471.145455,1.000000,0.000000,nan,nan,nan,nan,nan,delay-uniform,300.000,1200.000,0.014925,528.000
casper-ffg-n10,casper-ffg,10,11,poisson,512,0.0,100.0,2c04ef76-dirty,480.0,6358.200888236,6358.200888236,4.125000,99.102083,10.859091,10.859091,113471.145455,1.000000,0.000000,nan,nan,nan,nan,nan,delay-uniform,300.000,1200.000,0.014925,528.000
casper-ffg-n10,casper-ffg,10,12,poisson,512,0.0,100.0,2c04ef76-dirty,480.0,6329.174652929,6329.174652929,4.125000,99.893750,10.859091,10.859091,113471.145455,1.000000,0.000000,nan,nan,nan,nan,nan,delay-uniform,300.000,1200.000,0.014925,528.000
casper-ffg-n10,casper-ffg,10,13,poisson,512,0.0,100.0,2c04ef76-dirty,480.0,6336.563343807,6336.563343807,4.125000,99.131250,10.859091,10.859091,113471.145455,1.000000,0.000000,nan,nan,nan,nan,nan,delay-uniform,300.000,1200.000,0.014925,528.000
casper-ffg-n10,casper-ffg,10,14,poisson,512,0.0,100.0,2c04ef76-dirty,480.0,6345.124734320,6345.124734320,4.125000,99.312500,10.859091,10.859091,113471.145455,1.000000,0.000000,nan,nan,nan,nan,nan,delay-uniform,300.000,1200.000,0.014925,528.000
casper-ffg-n10,casper-ffg,10,15,poisson,512,0.0,100.0,2c04ef76-dirty,480.0,6334.178127677,6334.178127677,4.125000,99.222917,10.859091,10.859091,113471.145455,1.000000,0.000000,nan,nan,nan,nan,nan,delay-uniform,300.000,1200.000,0.014925,528.000
casper-ffg-n10,casper-ffg,10,16,poisson,512,0.0,100.0,2c04ef76-dirty,480.0,6341.643625355,6341.643625355,4.125000,98.358333,10.859091,10.859091,113471.145455,1.000000,0.000000,nan,nan,nan,nan,nan,delay-uniform,300.000,1200.000,0.014925,528.000
casper-ffg-n10,casper-ffg,10,17,poisson,512,0.0,100.0,2c04ef76-dirty,480.0,6383.057448169,6383.057448169,4.125000,98.979167,10.859091,10.859091,113471.145455,1.000000,0.000000,nan,nan,nan,nan,nan,delay-uniform,300.000,1200.000,0.014925,528.000
casper-ffg-n10,casper-ffg,10,18,poisson,512,0.0,100.0,2c04ef76-dirty,480.0,6339.878930395,6339.878930395,4.125000,99.200000,10.859091,10.859091,113471.145455,1.000000,0.000000,nan,nan,nan,nan,nan,delay-uniform,300.000,1200.000,0.014925,528.000
casper-ffg-n10,casper-ffg,10,19,poisson,512,0.0,100.0,2c04ef76-dirty,480.0,6355.188432827,6355.188432827,4.125000,99.202083,10.859091,10.859091,113471.145455,1.000000,0.000000,nan,nan,nan,nan,nan,delay-uniform,300.000,1200.000,0.014925,528.000
casper-ffg-n25,casper-ffg,25,0,poisson,512,0.0,100.0,2c04ef76-dirty,480.0,6299.315892270,6299.315892270,10.312500,98.910417,25.631313,25.631313,123789.351919,1.000000,0.000000,nan,nan,nan,nan,nan,delay-exponential,300.000,1200.000,0.014925,528.000
casper-ffg-n25,casper-ffg,25,1,poisson,512,0.0,100.0,2c04ef76-dirty,480.0,6298.512057944,6298.512057944,10.312500,98.691667,25.636364,25.636364,123777.939394,1.000000,0.000000,nan,nan,nan,nan,nan,delay-exponential,300.000,1200.000,0.014925,528.000
casper-ffg-n25,casper-ffg,25,2,poisson,512,0.0,100.0,2c04ef76-dirty,480.0,6341.667904986,6341.667904986,10.312500,98.362500,25.660202,25.660202,123782.611717,1.000000,0.000000,nan,nan,nan,nan,nan,delay-exponential,300.000,1200.000,0.014925,528.000
casper-ffg-n25,casper-ffg,25,3,poisson,512,0.0,100.0,2c04ef76-dirty,480.0,6352.126553425,6352.126553425,10.312500,99.231250,25.544242,25.544242,123772.286061,1.000000,0.000000,nan,nan,nan,nan,nan,delay-exponential,300.000,1200.000,0.014925,528.000
casper-ffg-n25,casper-ffg,25,4,poisson,512,0.0,100.0,2c04ef76-dirty,480.0,6329.283117957,6329.283117957,10.312500,99.181250,25.578990,25.578990,123779.096566,1.000000,0.000000,nan,nan,nan,nan,nan,delay-exponential,300.000,1200.000,0.014925,528.000
casper-ffg-n25,casper-ffg,25,5,poisson,512,0.0,100.0,2c04ef76-dirty,480.0,6322.865448106,6322.865448106,10.312500,99.320833,25.621212,25.621212,123762.567273,1.000000,0.000000,nan,nan,nan,nan,nan,delay-exponential,300.000,1200.000,0.014925,528.000
casper-ffg-n25,casper-ffg,25,6,poisson,512,0.0,100.0,2c04ef76-dirty,480.0,6330.056669873,6330.056669873,10.312500,99.293750,25.613333,25.613333,123785.827879,1.000000,0.000000,nan,nan,nan,nan,nan,delay-exponential,300.000,1200.000,0.014925,528.000
casper-ffg-n25,casper-ffg,25,7,poisson,512,0.0,100.0,2c04ef76-dirty,480.0,6317.726823827,6317.726823827,10.312500,99.170833,25.621818,25.621818,123775.088485,1.000000,0.000000,nan,nan,nan,nan,nan,delay-exponential,300.000,1200.000,0.014925,528.000
casper-ffg-n25,casper-ffg,25,8,poisson,512,0.0,100.0,2c04ef76-dirty,480.0,6336.364154520,6336.364154520,10.312500,99.062500,25.631515,25.631515,123789.391515,1.000000,0.000000,nan,nan,nan,nan,nan,delay-exponential,300.000,1200.000,0.014925,528.000
casper-ffg-n25,casper-ffg,25,9,poisson,512,0.0,100.0,2c04ef76-dirty,480.0,6309.829975106,6309.829975106,10.312500,99.247917,25.597576,25.597576,123782.739394,1.000000,0.000000,nan,nan,nan,nan,nan,delay-exponential,300.000,1200.000,0.014925,528.000
casper-ffg-n25,casper-ffg,25,10,poisson,512,0.0,100.0,2c04ef76-dirty,480.0,6341.996395858,6341.996395858,10.312500,99.658333,25.616566,25.616566,123761.656566,1.000000,0.000000,nan,nan,nan,nan,nan,delay-exponential,300.000,1200.000,0.014925,528.000
casper-ffg-n25,casper-ffg,25,11,poisson,512,0.0,100.0,2c04ef76-dirty,480.0,6279.301310108,6279.301310108,10.312500,99.102083,25.591515,25.591515,123781.551515,1.000000,0.000000,nan,nan,nan,nan,nan,delay-exponential,300.000,1200.000,0.014925,528.000
casper-ffg-n25,casper-ffg,25,12,poisson,512,0.0,100.0,2c04ef76-dirty,480.0,6360.725444744,6360.725444744,10.312500,99.893750,25.549495,25.549495,123773.315556,1.000000,0.000000,nan,nan,nan,nan,nan,delay-exponential,300.000,1200.000,0.014925,528.000
casper-ffg-n25,casper-ffg,25,13,poisson,512,0.0,100.0,2c04ef76-dirty,480.0,6305.908432075,6305.908432075,10.312500,99.131250,25.582626,25.582626,123730.199596,1.000000,0.000000,nan,nan,nan,nan,nan,delay-exponential,300.000,1200.000,0.014925,528.000
casper-ffg-n25,casper-ffg,25,14,poisson,512,0.0,100.0,2c04ef76-dirty,480.0,6293.939711399,6293.939711399,10.312500,99.312500,25.543838,25.543838,123772.206869,1.000000,0.000000,nan,nan,nan,nan,nan,delay-exponential,300.000,1200.000,0.014925,528.000
casper-ffg-n25,casper-ffg,25,15,poisson,512,0.0,100.0,2c04ef76-dirty,480.0,6282.979370464,6282.979370464,10.312500,99.222917,25.652121,25.652121,123793.430303,1.000000,0.000000,nan,nan,nan,nan,nan,delay-exponential,300.000,1200.000,0.014925,528.000
casper-ffg-n25,casper-ffg,25,16,poisson,512,0.0,100.0,2c04ef76-dirty,480.0,6316.552024254,6316.552024254,10.312500,98.358333,25.615354,25.615354,123773.821414,1.000000,0.000000,nan,nan,nan,nan,nan,delay-exponential,300.000,1200.000,0.014925,528.000
casper-ffg-n25,casper-ffg,25,17,poisson,512,0.0,100.0,2c04ef76-dirty,480.0,6291.568307212,6291.568307212,10.312500,98.979167,25.597778,25.597778,123770.376566,1.000000,0.000000,nan,nan,nan,nan,nan,delay-exponential,300.000,1200.000,0.014925,528.000
casper-ffg-n25,casper-ffg,25,18,poisson,512,0.0,100.0,2c04ef76-dirty,480.0,6317.818337135,6317.818337135,10.312500,99.200000,25.651515,25.651515,123793.311515,1.000000,0.000000,nan,nan,nan,nan,nan,delay-exponential,300.000,1200.000,0.014925,528.000
casper-ffg-n25,casper-ffg,25,19,poisson,512,0.0,100.0,2c04ef76-dirty,480.0,6339.708816214,6339.708816214,10.312500,99.202083,25.621414,25.621414,123787.411717,1.000000,0.000000,nan,nan,nan,nan,nan,delay-exponential,300.000,1200.000,0.014925,528.000
casper-ffg-n25,casper-ffg,25,0,poisson,512,0.0,100.0,2c04ef76-dirty,480.0,6349.479356227,6349.479356227,10.312500,98.910417,26.055758,26.055758,123872.543030,1.000000,0.000000,nan,nan,nan,nan,nan,delay-uniform,300.000,1200.000,0.014925,528.000
casper-ffg-n25,casper-ffg,25,1,poisson,512,0.0,100.0,2c04ef76-dirty,480.0,6352.116566202,6352.116566202,10.312500,98.691667,26.055758,26.055758,123872.543030,1.000000,0.000000,nan,nan,nan,nan,nan,delay-uniform,300.000,1200.000,0.014925,528.000
casper-ffg-n25,casper-ffg,25,2,poisson,512,0.0,100.0,2c04ef76-dirty,480.0,6364.991298449,6364.991298449,10.312500,98.362500,26.055758,26.055758,123872.543030,1.000000,0.000000,nan,nan,nan,nan,nan,delay-uniform,300.000,1200.000,0.014925,528.000
casper-ffg-n25,casper-ffg,25,3,poisson,512,0.0,100.0,2c04ef76-dirty,480.0,6370.424470661,6370.424470661,10.312500,99.231250,26.055758,26.055758,123872.543030,1.000000,0.000000,nan,nan,nan,nan,nan,delay-uniform,300.000,1200.000,0.014925,528.000
casper-ffg-n25,casper-ffg,25,4,poisson,512,0.0,100.0,2c04ef76-dirty,480.0,6352.824627354,6352.824627354,10.312500,99.181250,26.055758,26.055758,123872.543030,1.000000,0.000000,nan,nan,nan,nan,nan,delay-uniform,300.000,1200.000,0.014925,528.000
casper-ffg-n25,casper-ffg,25,5,poisson,512,0.0,100.0,2c04ef76-dirty,480.0,6366.932562943,6366.932562943,10.312500,99.320833,26.055758,26.055758,123872.543030,1.000000,0.000000,nan,nan,nan,nan,nan,delay-uniform,300.000,1200.000,0.014925,528.000
casper-ffg-n25,casper-ffg,25,6,poisson,512,0.0,100.0,2c04ef76-dirty,480.0,6366.876715828,6366.876715828,10.312500,99.293750,26.055758,26.055758,123872.543030,1.000000,0.000000,nan,nan,nan,nan,nan,delay-uniform,300.000,1200.000,0.014925,528.000
casper-ffg-n25,casper-ffg,25,7,poisson,512,0.0,100.0,2c04ef76-dirty,480.0,6361.291427100,6361.291427100,10.312500,99.170833,26.055758,26.055758,123872.543030,1.000000,0.000000,nan,nan,nan,nan,nan,delay-uniform,300.000,1200.000,0.014925,528.000
casper-ffg-n25,casper-ffg,25,8,poisson,512,0.0,100.0,2c04ef76-dirty,480.0,6371.790250332,6371.790250332,10.312500,99.062500,26.055758,26.055758,123872.543030,1.000000,0.000000,nan,nan,nan,nan,nan,delay-uniform,300.000,1200.000,0.014925,528.000
casper-ffg-n25,casper-ffg,25,9,poisson,512,0.0,100.0,2c04ef76-dirty,480.0,6345.474544787,6345.474544787,10.312500,99.247917,26.055758,26.055758,123872.543030,1.000000,0.000000,nan,nan,nan,nan,nan,delay-uniform,300.000,1200.000,0.014925,528.000
casper-ffg-n25,casper-ffg,25,10,poisson,512,0.0,100.0,2c04ef76-dirty,480.0,6360.614377018,6360.614377018,10.312500,99.658333,26.055758,26.055758,123872.543030,1.000000,0.000000,nan,nan,nan,nan,nan,delay-uniform,300.000,1200.000,0.014925,528.000
casper-ffg-n25,casper-ffg,25,11,poisson,512,0.0,100.0,2c04ef76-dirty,480.0,6342.336946972,6342.336946972,10.312500,99.102083,26.055758,26.055758,123872.543030,1.000000,0.000000,nan,nan,nan,nan,nan,delay-uniform,300.000,1200.000,0.014925,528.000
casper-ffg-n25,casper-ffg,25,12,poisson,512,0.0,100.0,2c04ef76-dirty,480.0,6370.085550249,6370.085550249,10.312500,99.893750,26.055758,26.055758,123872.543030,1.000000,0.000000,nan,nan,nan,nan,nan,delay-uniform,300.000,1200.000,0.014925,528.000
casper-ffg-n25,casper-ffg,25,13,poisson,512,0.0,100.0,2c04ef76-dirty,480.0,6355.717991971,6355.717991971,10.312500,99.131250,26.055758,26.055758,123872.543030,1.000000,0.000000,nan,nan,nan,nan,nan,delay-uniform,300.000,1200.000,0.014925,528.000
casper-ffg-n25,casper-ffg,25,14,poisson,512,0.0,100.0,2c04ef76-dirty,480.0,6366.937556301,6366.937556301,10.312500,99.312500,26.055758,26.055758,123872.543030,1.000000,0.000000,nan,nan,nan,nan,nan,delay-uniform,300.000,1200.000,0.014925,528.000
casper-ffg-n25,casper-ffg,25,15,poisson,512,0.0,100.0,2c04ef76-dirty,480.0,6344.258126632,6344.258126632,10.312500,99.222917,26.055758,26.055758,123872.543030,1.000000,0.000000,nan,nan,nan,nan,nan,delay-uniform,300.000,1200.000,0.014925,528.000
casper-ffg-n25,casper-ffg,25,16,poisson,512,0.0,100.0,2c04ef76-dirty,480.0,6360.747179585,6360.747179585,10.312500,98.358333,26.055758,26.055758,123872.543030,1.000000,0.000000,nan,nan,nan,nan,nan,delay-uniform,300.000,1200.000,0.014925,528.000
casper-ffg-n25,casper-ffg,25,17,poisson,512,0.0,100.0,2c04ef76-dirty,480.0,6347.995348259,6347.995348259,10.312500,98.979167,26.055758,26.055758,123872.543030,1.000000,0.000000,nan,nan,nan,nan,nan,delay-uniform,300.000,1200.000,0.014925,528.000
casper-ffg-n25,casper-ffg,25,18,poisson,512,0.0,100.0,2c04ef76-dirty,480.0,6361.333732915,6361.333732915,10.312500,99.200000,26.055758,26.055758,123872.543030,1.000000,0.000000,nan,nan,nan,nan,nan,delay-uniform,300.000,1200.000,0.014925,528.000
casper-ffg-n25,casper-ffg,25,19,poisson,512,0.0,100.0,2c04ef76-dirty,480.0,6371.091631998,6371.091631998,10.312500,99.202083,26.055758,26.055758,123872.543030,1.000000,0.000000,nan,nan,nan,nan,nan,delay-uniform,300.000,1200.000,0.014925,528.000
pbft-n10,pbft,10,0,poisson,512,0.0,100.0,2c04ef76-dirty,480.0,1899.272993399,1986.732459417,9.977083,99.670833,19.796200,19.796200,47043.434537,1.000000,0.000000,nan,nan,nan,nan,nan,delay-exponential,300.000,1000.000,0.004366,528.000
pbft-n10,pbft,10,1,poisson,512,0.0,100.0,2c04ef76-dirty,480.0,1965.285788821,2156.996395604,9.958333,99.295833,19.821130,19.821130,47109.993305,1.000000,0.000000,nan,nan,nan,nan,nan,delay-exponential,300.000,1000.000,0.006237,528.000
pbft-n10,pbft,10,2,poisson,512,0.0,100.0,2c04ef76-dirty,480.0,1872.933482892,1990.014560186,9.970833,99.081250,19.806101,19.806101,47072.802340,1.000000,0.000000,nan,nan,nan,nan,nan,delay-exponential,300.000,1000.000,0.004990,528.000
pbft-n10,pbft,10,3,poisson,512,0.0,100.0,2c04ef76-dirty,480.0,1725.639372856,1901.668262154,9.975000,99.983333,19.799499,19.799499,47053.219716,1.000000,0.000000,nan,nan,nan,nan,nan,delay-exponential,300.000,1000.000,0.004574,528.000
pbft-n10,pbft,10,4,poisson,512,0.0,100.0,2c04ef76-dirty,480.0,1911.970946661,2044.183471262,9.962500,99.933333,19.819322,19.819322,47101.309076,1.000000,0.000000,nan,nan,nan,nan,nan,delay-exponential,300.000,1000.000,0.005821,528.000
pbft-n10,pbft,10,5,poisson,512,0.0,100.0,2c04ef76-dirty,480.0,1752.036240488,1809.969417474,9.975000,100.112500,19.801378,19.801378,47053.310777,1.000000,0.000000,nan,nan,nan,nan,nan,delay-exponential,300.000,1000.000,0.004574,528.000
pbft-n10,pbft,10,6,poisson,512,0.0,100.0,2c04ef76-dirty,480.0,2125.049413534,2241.949030055,9.966667,100.125000,19.809574,19.809574,47081.546823,1.000000,0.000000,nan,nan,nan,nan,nan,delay-exponential,300.000,1000.000,0.005405,528.000
pbft-n10,pbft,10,7,poisson,512,0.0,100.0,2c04ef76-dirty,480.0,1929.278601857,2016.354040591,9.979167,100.033333,19.793319,19.793319,47033.673486,1.000000,0.000000,nan,nan,nan,nan,nan,delay-exponential,300.000,1000.000,0.004158,528.000
pbft-n10,pbft,10,8,poisson,512,0.0,100.0,2c04ef76-dirty,480.0,1841.583731471,1980.992143969,9.970833,99.897917,19.806937,19.806937,47072.842457,1.000000,0.000000,nan,nan,nan,nan,nan,delay-exponential,300.000,1000.000,0.004990,528.000
pbft-n10,pbft,10,9,poisson,512,0.0,100.0,2c04ef76-dirty,480.0,2026.087231594,2173.008009562,9.975000,99.985417,19.800752,19.800752,47053.279031,1.000000,0.000000,nan,nan,nan,nan,nan,delay-exponential,300.000,1000.000,0.004574,528.000
pbft-n10,pbft,10,10,poisson,512,0.0,100.0,2c04ef76-dirty,480.0,1812.022688597,1916.192974946,9.975000,100.504167,19.799916,19.799916,47053.241437,1.000000,0.000000,nan,nan,nan,nan,nan,delay-exponential,300.000,1000.000,0.004574,528.000
pbft-n10,pbft,10,11,poisson,512,0.0,100.0,2c04ef76-dirty,480.0,1784.341624398,1967.758680044,9.979167,99.952083,19.792067,19.792067,47033.613361,1.000000,0.000000,nan,nan,nan,nan,nan,delay-exponential,300.000,1000.000,0.004158,528.000
pbft-n10,pbft,10,12,poisson,512,0.0,100.0,2c04ef76-dirty,480.0,1991.807637400,2028.328865214,9.972917,100.660417,19.802381,19.802381,47052.292459,1.000000,0.000000,nan,nan,nan,nan,nan,delay-exponential,300.000,1000.000,0.002708,528.000
pbft-n10,pbft,10,13,poisson,512,0.0,100.0,2c04ef76-dirty,480.0,2000.766388930,2080.247431470,9.968750,99.920833,19.810867,19.810867,47082.670010,1.000000,0.000000,nan,nan,nan,nan,nan,delay-exponential,300.000,1000.000,0.005198,528.000
pbft-n10,pbft,10,14,poisson,512,0.0,100.0,2c04ef76-dirty,480.0,1959.816080711,2034.389488077,9.977083,100.097917,19.798288,19.798288,47043.534767,1.000000,0.000000,nan,nan,nan,nan,nan,delay-exponential,300.000,1000.000,0.004366,528.000
pbft-n10,pbft,10,15,poisson,512,0.0,100.0,2c04ef76-dirty,480.0,2011.837322702,2105.730146391,9.975000,99.991667,19.800334,19.800334,47053.260652,1.000000,0.000000,nan,nan,nan,nan,nan,delay-exponential,300.000,1000.000,0.004574,528.000
pbft-n10,pbft,10,16,poisson,512,0.0,100.0,2c04ef76-dirty,480.0,1814.118815177,1877.808997953,9.962500,99.150000,19.818695,19.818695,47111.985780,1.000000,0.000000,nan,nan,nan,nan,nan,delay-exponential,300.000,1000.000,0.005821,528.000
pbft-n10,pbft,10,17,poisson,512,0.0,100.0,2c04ef76-dirty,480.0,1667.321240603,1931.572877170,9.964583,99.735417,19.816642,19.816642,47102.235417,1.000000,0.000000,nan,nan,nan,nan,nan,delay-exponential,300.000,1000.000,0.005613,528.000
pbft-n10,pbft,10,18,poisson,512,0.0,100.0,2c04ef76-dirty,480.0,1833.122184396,1900.889709149,9.979167,99.987500,19.794363,19.794363,47033.725261,1.000000,0.000000,nan,nan,nan,nan,nan,delay-exponential,300.000,1000.000,0.004158,528.000
pbft-n10,pbft,10,19,poisson,512,0.0,100.0,2c04ef76-dirty,480.0,1987.376971985,2123.805638337,9.958333,99.608333,19.822385,19.822385,47131.475314,1.000000,0.000000,nan,nan,nan,nan,nan,delay-exponential,300.000,1000.000,0.006237,528.000
pbft-n10,pbft,10,0,poisson,512,0.0,100.0,2c04ef76-dirty,480.0,1950.192615034,2127.860752545,9.975000,99.670833,19.801378,19.801378,47053.309106,1.000000,0.000000,nan,nan,nan,nan,nan,delay-uniform,300.000,1000.000,0.004574,528.000
pbft-n10,pbft,10,1,poisson,512,0.0,100.0,2c04ef76-dirty,480.0,1938.354653703,2140.862281779,9.970833,99.472917,19.806937,19.806937,47072.840786,1.000000,0.000000,nan,nan,nan,nan,nan,delay-uniform,300.000,1000.000,0.004990,528.000
pbft-n10,pbft,10,2,poisson,512,0.0,100.0,2c04ef76-dirty,480.0,1967.986692870,2077.319953455,9.975000,99.081250,19.802005,19.802005,47053.338346,1.000000,0.000000,nan,nan,nan,nan,nan,delay-uniform,300.000,1000.000,0.004574,528.000
pbft-n10,pbft,10,3,poisson,512,0.0,100.0,2c04ef76-dirty,480.0,1865.685316813,2083.019185001,9.975000,99.983333,19.800752,19.800752,47053.278195,1.000000,0.000000,nan,nan,nan,nan,nan,delay-uniform,300.000,1000.000,0.004574,528.000
pbft-n10,pbft,10,4,poisson,512,0.0,100.0,2c04ef76-dirty,480.0,1932.095875419,2126.419136630,9.966667,99.933333,19.813754,19.813754,47092.449833,1.000000,0.000000,nan,nan,nan,nan,nan,delay-uniform,300.000,1000.000,0.005405,528.000
pbft-n10,pbft,10,5,poisson,512,0.0,100.0,2c04ef76-dirty,480.0,1897.454948940,2150.166437214,9.964583,100.112500,19.818733,19.818733,47102.335773,1.000000,0.000000,nan,nan,nan,nan,nan,delay-uniform,300.000,1000.000,0.005613,528.000
pbft-n10,pbft,10,6,poisson,512,0.0,100.0,2c04ef76-dirty,480.0,2010.049714338,2220.150498320,9.966667,100.125000,19.816263,19.816263,47092.570234,1.000000,0.000000,nan,nan,nan,nan,nan,delay-uniform,300.000,1000.000,0.005405,528.000
pbft-n10,pbft,10,7,poisson,512,0.0,100.0,2c04ef76-dirty,480.0,1959.316523376,2103.993197663,9.970833,100.033333,19.808191,19.808191,47072.900961,1.000000,0.000000,nan,nan,nan,nan,nan,delay-uniform,300.000,1000.000,0.004990,528.000
pbft-n10,pbft,10,8,poisson,512,0.0,100.0,2c04ef76-dirty,480.0,1917.688860799,2146.656744932,9.975000,99.897917,19.800543,19.800543,47053.268170,1.000000,0.000000,nan,nan,nan,nan,nan,delay-uniform,300.000,1000.000,0.004574,528.000
pbft-n10,pbft,10,9,poisson,512,0.0,100.0,2c04ef76-dirty,480.0,2026.293759777,2229.157280079,9.970833,99.985417,19.808817,19.808817,47072.931049,1.000000,0.000000,nan,nan,nan,nan,nan,delay-uniform,300.000,1000.000,0.004990,528.000
pbft-n10,pbft,10,10,poisson,512,0.0,100.0,2c04ef76-dirty,480.0,1929.460219236,2057.073915267,9.977083,100.504167,19.797661,19.797661,47043.503028,1.000000,0.000000,nan,nan,nan,nan,nan,delay-uniform,300.000,1000.000,0.004366,528.000
pbft-n10,pbft,10,11,poisson,512,0.0,100.0,2c04ef76-dirty,480.0,1914.131787985,2200.476049154,9.968750,99.952083,19.811076,19.811076,47082.678370,1.000000,0.000000,nan,nan,nan,nan,nan,delay-uniform,300.000,1000.000,0.005198,528.000
pbft-n10,pbft,10,12,poisson,512,0.0,100.0,2c04ef76-dirty,480.0,1958.638684543,2183.919255706,9.977083,100.660417,19.797452,19.797452,47043.493005,1.000000,0.000000,nan,nan,nan,nan,nan,delay-uniform,300.000,1000.000,0.004366,528.000
pbft-n10,pbft,10,13,poisson,512,0.0,100.0,2c04ef76-dirty,480.0,1977.186590922,2219.786196433,9.968750,99.920833,19.811703,19.811703,47082.708464,1.000000,0.000000,nan,nan,nan,nan,nan,delay-uniform,300.000,1000.000,0.005198,528.000
pbft-n10,pbft,10,14,poisson,512,0.0,100.0,2c04ef76-dirty,480.0,2014.787882041,2286.663624956,9.979167,100.097917,19.796242,19.796242,47033.812944,1.000000,0.000000,nan,nan,nan,nan,nan,delay-uniform,300.000,1000.000,0.004158,528.000
pbft-n10,pbft,10,15,poisson,512,0.0,100.0,2c04ef76-dirty,480.0,1999.713192608,2142.769960618,9.977083,99.991667,19.798288,19.798288,47043.533932,1.000000,0.000000,nan,nan,nan,nan,nan,delay-uniform,300.000,1000.000,0.004366,528.000
pbft-n10,pbft,10,16,poisson,512,0.0,100.0,2c04ef76-dirty,480.0,1953.787164384,2170.499914428,9.972917,99.150000,19.803217,19.803217,47063.027366,1.000000,0.000000,nan,nan,nan,nan,nan,delay-uniform,300.000,1000.000,0.004782,528.000
pbft-n10,pbft,10,17,poisson,512,0.0,100.0,2c04ef76-dirty,480.0,1897.909230304,2168.013604374,9.962500,99.735417,19.822668,19.822668,47112.175659,1.000000,0.000000,nan,nan,nan,nan,nan,delay-uniform,300.000,1000.000,0.005821,528.000
pbft-n10,pbft,10,18,poisson,512,0.0,100.0,2c04ef76-dirty,480.0,1890.176505987,2132.109875141,9.972917,99.987500,19.804888,19.804888,47063.107583,1.000000,0.000000,nan,nan,nan,nan,nan,delay-uniform,300.000,1000.000,0.004782,528.000
pbft-n10,pbft,10,19,poisson,512,0.0,100.0,2c04ef76-dirty,480.0,1949.247853255,2137.891373529,9.970833,99.812500,19.808608,19.808608,47072.921020,1.000000,0.000000,nan,nan,nan,nan,nan,delay-uniform,300.000,1000.000,0.004990,528.000
pbft-n25,pbft,25,0,poisson,512,0.0,100.0,2c04ef76-dirty,480.0,1985.378488303,2083.595537372,24.922917,99.670833,49.941319,49.941319,51602.323832,1.000000,0.000000,nan,nan,nan,nan,nan,delay-exponential,300.000,1000.000,0.005156,528.000
pbft-n25,pbft,25,1,poisson,512,0.0,100.0,2c04ef76-dirty,480.0,2059.679136000,2215.354059189,24.931250,99.472917,49.928888,49.928888,51585.279853,1.000000,0.000000,nan,nan,nan,nan,nan,delay-exponential,300.000,1000.000,0.004823,528.000
pbft-n25,pbft,25,2,poisson,512,0.0,100.0,2c04ef76-dirty,480.0,2107.230132327,2247.389700343,24.933333,99.081250,49.927891,49.927891,51581.121658,1.000000,0.000000,nan,nan,nan,nan,nan,delay-exponential,300.000,1000.000,0.004740,528.000
pbft-n25,pbft,25,3,poisson,512,0.0,100.0,2c04ef76-dirty,480.0,1970.731994072,2088.156232608,24.927083,99.983333,49.936816,49.936816,51593.882491,1.000000,0.000000,nan,nan,nan,nan,nan,delay-exponential,300.000,1000.000,0.004990,528.000
pbft-n25,pbft,25,4,poisson,512,0.0,100.0,2c04ef76-dirty,480.0,1939.402822149,2067.301341871,24.897917,99.933333,49.983014,49.983014,51649.447243,1.000000,0.000000,nan,nan,nan,nan,nan,delay-exponential,300.000,1000.000,0.006154,528.000
pbft-n25,pbft,25,5,poisson,512,0.0,100.0,2c04ef76-dirty,480.0,1973.596350954,2042.902785158,24.904167,100.112500,49.972143,49.972143,51636.565836,1.000000,0.000000,nan,nan,nan,nan,nan,delay-exponential,300.000,1000.000,0.005904,528.000
pbft-n25,pbft,25,6,poisson,512,0.0,100.0,2c04ef76-dirty,480.0,2067.448737273,2220.138051164,24.920833,100.125000,49.945661,49.945661,51602.365825,1.000000,0.000000,nan,nan,nan,nan,nan,delay-exponential,300.000,1000.000,0.005239,528.000
pbft-n25,pbft,25,7,poisson,512,0.0,100.0,2c04ef76-dirty,480.0,1948.456863964,2132.404270342,24.935417,100.033333,49.923218,49.923218,51572.511989,1.000000,0.000000,nan,nan,nan,nan,nan,delay-exponential,300.000,1000.000,0.004657,528.000
pbft-n25,pbft,25,8,poisson,512,0.0,100.0,2c04ef76-dirty,480.0,1996.320010447,2168.032544550,24.918750,99.897917,49.950924,49.950924,51606.731544,1.000000,0.000000,nan,nan,nan,nan,nan,delay-exponential,300.000,1000.000,0.005322,528.000
pbft-n25,pbft,25,9,poisson,512,0.0,100.0,2c04ef76-dirty,480.0,2075.494648732,2112.108972726,24.922917,99.985417,49.941403,49.941403,51598.048316,1.000000,0.000000,nan,nan,nan,nan,nan,delay-exponential,300.000,1000.000,0.005156,528.000
pbft-n25,pbft,25,10,poisson,512,0.0,100.0,2c04ef76-dirty,480.0,1934.966336740,2080.896735789,24.910417,100.504167,49.961529,49.961529,51623.702601,1.000000,0.000000,nan,nan,nan,nan,nan,delay-exponential,300.000,1000.000,0.005655,528.000
pbft-n25,pbft,25,11,poisson,512,0.0,100.0,2c04ef76-dirty,480.0,1959.443624718,2077.252650898,24.929167,99.952083,49.933311,49.933311,51585.324753,1.000000,0.000000,nan,nan,nan,nan,nan,delay-exponential,300.000,1000.000,0.004906,528.000
pbft-n25,pbft,25,12,poisson,512,0.0,100.0,2c04ef76-dirty,480.0,2023.497218792,2153.371378895,24.922917,100.660417,49.941904,49.941904,51598.071052,1.000000,0.000000,nan,nan,nan,nan,nan,delay-exponential,300.000,1000.000,0.005156,528.000
pbft-n25,pbft,25,13,poisson,512,0.0,100.0,2c04ef76-dirty,480.0,2003.779065675,2153.005526067,24.943750,99.920833,49.905705,49.905705,51559.518249,1.000000,0.000000,nan,nan,nan,nan,nan,delay-exponential,300.000,1000.000,0.004324,528.000
pbft-n25,pbft,25,14,poisson,512,0.0,100.0,2c04ef76-dirty,480.0,2101.062535625,2261.995238089,24.910417,100.097917,49.963871,49.963871,51628.096011,1.000000,0.000000,nan,nan,nan,nan,nan,delay-exponential,300.000,1000.000,0.005655,528.000
pbft-n25,pbft,25,15,poisson,512,0.0,100.0,2c04ef76-dirty,480.0,2081.309707226,2180.521687809,24.933333,99.991667,49.926805,49.926805,51581.071190,1.000000,0.000000,nan,nan,nan,nan,nan,delay-exponential,300.000,1000.000,0.004740,528.000
pbft-n25,pbft,25,16,poisson,512,0.0,100.0,2c04ef76-dirty,480.0,1845.776678418,1958.905016830,24.925000,99.150000,49.936810,49.936810,51597.992979,1.000000,0.000000,nan,nan,nan,nan,nan,delay-exponential,300.000,1000.000,0.005073,528.000
pbft-n25,pbft,25,17,poisson,512,0.0,100.0,2c04ef76-dirty,480.0,1897.871824126,1965.353355463,24.920833,99.735417,49.948587,49.948587,51606.786156,1.000000,0.000000,nan,nan,nan,nan,nan,delay-exponential,300.000,1000.000,0.005239,528.000
pbft-n25,pbft,25,18,poisson,512,0.0,100.0,2c04ef76-dirty,480.0,2010.944632369,2259.781276474,24.918750,99.987500,49.949168,49.949168,51606.646601,1.000000,0.000000,nan,nan,nan,nan,nan,delay-exponential,300.000,1000.000,0.003250,528.000
pbft-n25,pbft,25,19,poisson,512,0.0,100.0,2c04ef76-dirty,480.0,1912.058956939,2129.072017233,24.939583,99.812500,49.911870,49.911870,51559.474062,1.000000,0.000000,nan,nan,nan,nan,nan,delay-exponential,300.000,1000.000,0.004491,528.000
pbft-n25,pbft,25,0,poisson,512,0.0,100.0,2c04ef76-dirty,480.0,2010.472623067,2233.102852115,24.902083,99.670833,49.987367,49.987367,51645.698988,1.000000,0.000000,nan,nan,nan,nan,nan,delay-uniform,300.000,1000.000,0.005988,528.000
pbft-n25,pbft,25,1,poisson,512,0.0,100.0,2c04ef76-dirty,480.0,2017.178850161,2259.698304723,24.914583,99.472917,49.965382,49.965382,51619.936115,1.000000,0.000000,nan,nan,nan,nan,nan,delay-uniform,300.000,1000.000,0.005489,528.000
pbft-n25,pbft,25,2,poisson,512,0.0,100.0,2c04ef76-dirty,480.0,2035.085781155,2258.537002581,24.922917,99.081250,49.949929,49.949929,51602.736437,1.000000,0.000000,nan,nan,nan,nan,nan,delay-uniform,300.000,1000.000,0.005156,528.000
pbft-n25,pbft,25,3,poisson,512,0.0,100.0,2c04ef76-dirty,480.0,1975.133076827,2187.197978112,24.914583,99.983333,49.965298,49.965298,51619.932101,1.000000,0.000000,nan,nan,nan,nan,nan,delay-uniform,300.000,1000.000,0.005489,528.000
pbft-n25,pbft,25,4,poisson,512,0.0,100.0,2c04ef76-dirty,480.0,1998.451204647,2213.484849046,24.918750,99.933333,49.957779,49.957779,51611.340858,1.000000,0.000000,nan,nan,nan,nan,nan,delay-uniform,300.000,1000.000,0.005322,528.000
pbft-n25,pbft,25,5,poisson,512,0.0,100.0,2c04ef76-dirty,480.0,2002.420465216,2213.239271103,24.902083,100.112500,49.987033,49.987033,51645.682925,1.000000,0.000000,nan,nan,nan,nan,nan,delay-uniform,300.000,1000.000,0.005988,528.000
pbft-n25,pbft,25,6,poisson,512,0.0,100.0,2c04ef76-dirty,480.0,2036.436218860,2292.706741996,24.912500,100.125000,49.968222,49.968222,51624.188660,1.000000,0.000000,nan,nan,nan,nan,nan,delay-uniform,300.000,1000.000,0.005572,528.000
pbft-n25,pbft,25,7,poisson,512,0.0,100.0,2c04ef76-dirty,480.0,2028.226914985,2199.439477175,24.912500,100.033333,49.968640,49.968640,51624.208731,1.000000,0.000000,nan,nan,nan,nan,nan,delay-uniform,300.000,1000.000,0.003500,528.000
pbft-n25,pbft,25,8,poisson,512,0.0,100.0,2c04ef76-dirty,480.0,1981.188872830,2199.340047300,24.908333,99.897917,49.977919,49.977919,51632.888592,1.000000,0.000000,nan,nan,nan,nan,nan,delay-uniform,300.000,1000.000,0.005738,528.000
pbft-n25,pbft,25,9,poisson,512,0.0,100.0,2c04ef76-dirty,480.0,2015.725125447,2237.175175046,24.922917,99.985417,49.950096,49.950096,51602.744462,1.000000,0.000000,nan,nan,nan,nan,nan,delay-uniform,300.000,1000.000,0.005156,528.000
pbft-n25,pbft,25,10,poisson,512,0.0,100.0,2c04ef76-dirty,480.0,1986.210100227,2200.511147759,24.927083,100.504167,49.942499,49.942499,51594.154952,1.000000,0.000000,nan,nan,nan,nan,nan,delay-uniform,300.000,1000.000,0.004990,528.000
pbft-n25,pbft,25,11,poisson,512,0.0,100.0,2c04ef76-dirty,480.0,1989.485611233,2226.182604678,24.931250,99.952083,49.936325,49.936325,51585.636500,1.000000,0.000000,nan,nan,nan,nan,nan,delay-uniform,300.000,1000.000,0.004823,528.000
pbft-n25,pbft,25,12,poisson,512,0.0,100.0,2c04ef76-dirty,480.0,2010.345021070,2201.187452693,24.895833,100.477083,49.996904,49.996904,51658.519833,1.000000,0.000000,nan,nan,nan,nan,nan,delay-uniform,300.000,1000.000,0.006237,528.000
pbft-n25,pbft,25,13,poisson,512,0.0,100.0,2c04ef76-dirty,480.0,2015.452558236,2238.625832806,24.914583,99.920833,49.964964,49.964964,51619.916046,1.000000,0.000000,nan,nan,nan,nan,nan,delay-uniform,300.000,1000.000,0.005489,528.000
pbft-n25,pbft,25,14,poisson,512,0.0,100.0,2c04ef76-dirty,480.0,2019.397467279,2276.154086827,24.900000,100.097917,49.990546,49.990546,51649.971888,1.000000,0.000000,nan,nan,nan,nan,nan,delay-uniform,300.000,1000.000,0.006071,528.000
pbft-n25,pbft,25,15,poisson,512,0.0,100.0,2c04ef76-dirty,480.0,2020.503429834,2267.481111200,24.912500,99.991667,49.967135,49.967135,51624.136478,1.000000,0.000000,nan,nan,nan,nan,nan,delay-uniform,300.000,1000.000,0.005572,528.000
pbft-n25,pbft,25,16,poisson,512,0.0,100.0,2c04ef76-dirty,480.0,1947.382502150,2147.683694648,24.927083,99.150000,49.943418,49.943418,51594.199081,1.000000,0.000000,nan,nan,nan,nan,nan,delay-uniform,300.000,1000.000,0.004990,528.000
pbft-n25,pbft,25,17,poisson,512,0.0,100.0,2c04ef76-dirty,480.0,1991.452720129,2193.397207566,24.935417,99.735417,49.927646,49.927646,51577.000585,1.000000,0.000000,nan,nan,nan,nan,nan,delay-uniform,300.000,1000.000,0.004657,528.000
pbft-n25,pbft,25,18,poisson,512,0.0,100.0,2c04ef76-dirty,480.0,2015.154561979,2244.746167560,24.914583,99.987500,49.965967,49.965967,51619.964211,1.000000,0.000000,nan,nan,nan,nan,nan,delay-uniform,300.000,1000.000,0.005489,528.000
pbft-n25,pbft,25,19,poisson,512,0.0,100.0,2c04ef76-dirty,480.0,2018.105154953,2223.007871435,24.929167,99.812500,49.939746,49.939746,51589.911416,1.000000,0.000000,nan,nan,nan,nan,nan,delay-uniform,300.000,1000.000,0.004906,528.000
snowman-n10,snowman,10,0,poisson,512,0.0,100.0,2c04ef76-dirty,480.0,15948.161823582,15948.161823582,9.404167,97.106250,277.603677,277.603677,60028.362428,1.000000,0.000000,9,5,8,15,0.888889,delay-exponential,300.000,1000.000,0.037527,528.000
snowman-n10,snowman,10,1,poisson,512,0.0,100.0,2c04ef76-dirty,480.0,14213.515246821,14213.515246821,9.460417,96.541667,277.502092,277.502092,59733.404096,1.000000,0.000000,9,5,8,15,0.888889,delay-exponential,300.000,1000.000,0.039958,528.000
snowman-n10,snowman,10,2,poisson,512,0.0,100.0,2c04ef76-dirty,480.0,16734.342497155,16734.342497155,9.443750,96.443750,277.249504,277.249504,59809.130377,1.000000,0.000000,9,5,8,15,0.888889,delay-exponential,300.000,1000.000,0.037580,528.000
snowman-n10,snowman,10,3,poisson,512,0.0,100.0,2c04ef76-dirty,480.0,15127.927318371,15127.927318371,9.452083,97.477083,276.876570,276.876570,59739.969143,1.000000,0.000000,9,5,8,15,0.888889,delay-exponential,300.000,1000.000,0.034681,528.000
snowman-n10,snowman,10,4,poisson,512,0.0,100.0,2c04ef76-dirty,480.0,14486.811094771,14486.811094771,9.443750,97.204167,277.166998,277.166998,59805.830135,1.000000,0.000000,9,5,8,15,0.888889,delay-exponential,300.000,1000.000,0.037580,528.000
snowman-n10,snowman,10,5,poisson,512,0.0,100.0,2c04ef76-dirty,480.0,15562.869467965,15562.869467965,9.500000,97.527083,276.573684,276.573684,59471.160526,1.000000,0.000000,9,5,8,15,0.888889,delay-exponential,300.000,1000.000,0.035941,528.000
snowman-n10,snowman,10,6,poisson,512,0.0,100.0,2c04ef76-dirty,480.0,17334.201664879,17334.201664879,9.527083,97.335417,276.445878,276.445878,59350.839274,1.000000,0.000000,9,5,8,15,0.888889,delay-exponential,300.000,1000.000,0.039286,528.000
snowman-n10,snowman,10,7,poisson,512,0.0,100.0,2c04ef76-dirty,480.0,16063.051986975,16063.051986975,9.495833,97.358333,276.896885,276.896885,59527.807810,1.000000,0.000000,9,5,8,15,0.888889,delay-exponential,300.000,1000.000,0.036364,528.000
snowman-n10,snowman,10,8,poisson,512,0.0,100.0,2c04ef76-dirty,480.0,15556.254580199,15556.254580199,9.495833,97.443750,276.862659,276.862659,59526.438789,1.000000,0.000000,9,5,8,15,0.888889,delay-exponential,300.000,1000.000,0.034322,528.000
snowman-n10,snowman,10,9,poisson,512,0.0,100.0,2c04ef76-dirty,480.0,15358.225906332,15358.225906332,9.410417,97.204167,277.383883,277.383883,59975.736108,1.000000,0.000000,9,5,8,15,0.888889,delay-exponential,300.000,1000.000,0.036887,528.000
snowman-n10,snowman,10,10,poisson,512,0.0,100.0,2c04ef76-dirty,480.0,15292.613956099,15292.613956099,9.489583,98.016667,277.097256,277.097256,59567.733919,1.000000,0.000000,9,5,8,15,0.888889,delay-exponential,300.000,1000.000,0.036998,528.000
snowman-n10,snowman,10,11,poisson,512,0.0,100.0,2c04ef76-dirty,480.0,16031.063563494,16031.063563494,9.483333,97.285417,277.301186,277.301186,59607.844464,1.000000,0.000000,9,5,8,15,0.888889,delay-exponential,300.000,1000.000,0.037632,528.000
snowman-n10,snowman,10,12,poisson,512,0.0,100.0,2c04ef76-dirty,480.0,15680.365785269,15680.365785269,9.431250,97.962500,277.234372,277.234372,59873.096532,1.000000,0.000000,9,5,8,15,0.888889,delay-exponential,300.000,1000.000,0.036809,528.000
snowman-n10,snowman,10,13,poisson,512,0.0,100.0,2c04ef76-dirty,480.0,15927.751871148,15927.751871148,9.429167,97.164583,276.924658,276.924658,59871.486522,1.000000,0.000000,9,5,8,15,0.888889,delay-exponential,300.000,1000.000,0.034968,528.000
snowman-n10,snowman,10,14,poisson,512,0.0,100.0,2c04ef76-dirty,480.0,16536.904010853,16536.904010853,9.525000,97.318750,276.893263,276.893263,59379.297463,1.000000,0.000000,9,5,8,15,0.888889,delay-exponential,300.000,1000.000,0.037474,528.000
snowman-n10,snowman,10,15,poisson,512,0.0,100.0,2c04ef76-dirty,480.0,12605.916057501,12605.916057501,9.408333,97.289583,277.246900,277.246900,59992.424269,1.000000,0.000000,9,5,8,15,0.888889,delay-exponential,300.000,1000.000,0.037100,528.000
snowman-n10,snowman,10,16,poisson,512,0.0,100.0,2c04ef76-dirty,480.0,16737.948848613,16737.948848613,9.491667,96.456250,276.986172,276.986172,59552.648815,1.000000,0.000000,9,5,8,15,0.888889,delay-exponential,300.000,1000.000,0.036786,528.000
snowman-n10,snowman,10,17,poisson,512,0.0,100.0,2c04ef76-dirty,480.0,11384.566434770,11384.566434770,9.477083,97.243750,276.829193,276.829193,59620.960211,1.000000,0.000000,9,5,8,15,0.888889,delay-exponential,300.000,1000.000,0.038266,528.000
snowman-n10,snowman,10,18,poisson,512,0.0,100.0,2c04ef76-dirty,480.0,11935.732833822,11935.732833822,9.475000,97.416667,276.801451,276.801451,59619.261214,1.000000,0.000000,9,5,8,15,0.888889,delay-exponential,300.000,1000.000,0.036441,528.000
snowman-n10,snowman,10,19,poisson,512,0.0,100.0,2c04ef76-dirty,480.0,18127.250904263,18127.250904263,9.429167,97.225000,277.517897,277.517897,59872.578878,1.000000,0.000000,9,5,8,15,0.888889,delay-exponential,300.000,1000.000,0.037021,528.000
snowman-n10,snowman,10,0,poisson,512,0.0,100.0,2c04ef76-dirty,480.0,12605.745261985,12605.745261985,9.752083,97.691667,274.026704,274.026704,58139.856441,1.000000,0.000000,9,5,8,15,0.888889,delay-uniform,300.000,1000.000,0.032851,528.000
snowman-n10,snowman,10,1,poisson,512,0.0,100.0,2c04ef76-dirty,480.0,12682.879353407,12682.879353407,9.747917,97.391667,274.125027,274.125027,58163.955546,1.000000,0.000000,9,5,8,15,0.888889,delay-uniform,300.000,1000.000,0.033264,528.000
snowman-n10,snowman,10,2,poisson,512,0.0,100.0,2c04ef76-dirty,480.0,12683.186334841,12683.186334841,9.747917,96.845833,274.143407,274.143407,58164.690746,1.000000,0.000000,9,5,8,15,0.888889,delay-uniform,300.000,1000.000,0.035258,528.000
snowman-n10,snowman,10,3,poisson,512,0.0,100.0,2c04ef76-dirty,480.0,12552.691061815,12552.691061815,9.743750,97.720833,274.242035,274.242035,58188.819329,1.000000,0.000000,9,5,8,15,0.888889,delay-uniform,300.000,1000.000,0.035670,528.000
snowman-n10,snowman,10,4,poisson,512,0.0,100.0,2c04ef76-dirty,480.0,12491.759438069,12491.759438069,9.745833,97.610417,274.191749,274.191749,58176.713980,1.000000,0.000000,9,5,8,15,0.888889,delay-uniform,300.000,1000.000,0.035464,528.000
snowman-n10,snowman,10,5,poisson,512,0.0,100.0,2c04ef76-dirty,480.0,12388.612641830,12388.612641830,9.745833,98.131250,274.201796,274.201796,58177.115861,1.000000,0.000000,9,5,8,15,0.888889,delay-uniform,300.000,1000.000,0.033471,528.000
snowman-n10,snowman,10,6,poisson,512,0.0,100.0,2c04ef76-dirty,480.0,12794.066824638,12794.066824638,9.745833,97.764583,274.202437,274.202437,58177.141513,1.000000,0.000000,9,5,8,15,0.888889,delay-uniform,300.000,1000.000,0.033471,528.000
snowman-n10,snowman,10,7,poisson,512,0.0,100.0,2c04ef76-dirty,480.0,12749.092408581,12749.092408581,9.747917,97.762500,274.139987,274.139987,58164.553965,1.000000,0.000000,9,5,8,15,0.888889,delay-uniform,300.000,1000.000,0.033264,528.000
snowman-n10,snowman,10,8,poisson,512,0.0,100.0,2c04ef76-dirty,480.0,12655.211062171,12655.211062171,9.745833,97.679167,274.197307,274.197307,58176.936298,1.000000,0.000000,9,5,8,15,0.888889,delay-uniform,300.000,1000.000,0.035464,528.000
snowman-n10,snowman,10,9,poisson,512,0.0,100.0,2c04ef76-dirty,480.0,12765.188878519,12765.188878519,9.745833,97.641667,274.190252,274.190252,58176.654126,1.000000,0.000000,9,5,8,15,0.888889,delay-uniform,300.000,1000.000,0.035464,528.000
snowman-n10,snowman,10,10,poisson,512,0.0,100.0,2c04ef76-dirty,480.0,12474.338933207,12474.338933207,9.750000,98.468750,274.053205,274.053205,58150.997436,1.000000,0.000000,9,5,8,15,0.888889,delay-uniform,300.000,1000.000,0.033058,528.000
snowman-n10,snowman,10,11,poisson,512,0.0,100.0,2c04ef76-dirty,480.0,12582.251415427,12582.251415427,9.745833,97.727083,274.185122,274.185122,58176.448910,1.000000,0.000000,9,5,8,15,0.888889,delay-uniform,300.000,1000.000,0.033471,528.000
snowman-n10,snowman,10,12,poisson,512,0.0,100.0,2c04ef76-dirty,480.0,12590.461962820,12590.461962820,9.747917,98.362500,274.141056,274.141056,58164.596709,1.000000,0.000000,9,5,8,15,0.888889,delay-uniform,300.000,1000.000,0.033264,528.000
snowman-n10,snowman,10,13,poisson,512,0.0,100.0,2c04ef76-dirty,480.0,12728.660933376,12728.660933376,9.747917,97.612500,274.151314,274.151314,58165.007053,1.000000,0.000000,9,5,8,15,0.888889,delay-uniform,300.000,1000.000,0.033264,528.000
snowman-n10,snowman,10,14,poisson,512,0.0,100.0,2c04ef76-dirty,480.0,12569.863996415,12569.863996415,9.747917,97.747917,274.145758,274.145758,58164.784783,1.000000,0.000000,9,5,8,15,0.888889,delay-uniform,300.000,1000.000,0.035258,528.000
snowman-n10,snowman,10,15,poisson,512,0.0,100.0,2c04ef76-dirty,480.0,12500.709713405,12500.709713405,9.743750,97.658333,274.206115,274.206115,58187.382510,1.000000,0.000000,9,5,8,15,0.888889,delay-uniform,300.000,1000.000,0.033678,528.000
snowman-n10,snowman,10,16,poisson,512,0.0,100.0,2c04ef76-dirty,480.0,12665.871519492,12665.871519492,9.747917,97.027083,274.134858,274.134858,58164.348792,1.000000,0.000000,9,5,8,15,0.888889,delay-uniform,300.000,1000.000,0.033264,528.000
snowman-n10,snowman,10,17,poisson,512,0.0,100.0,2c04ef76-dirty,480.0,12479.886290331,12479.886290331,9.750000,97.658333,274.088462,274.088462,58152.407692,1.000000,0.000000,9,5,8,15,0.888889,delay-uniform,300.000,1000.000,0.033058,528.000
snowman-n10,snowman,10,18,poisson,512,0.0,100.0,2c04ef76-dirty,480.0,12864.463632407,12864.463632407,9.747917,97.650000,274.141483,274.141483,58164.613806,1.000000,0.000000,9,5,8,15,0.888889,delay-uniform,300.000,1000.000,0.035258,528.000
snowman-n10,snowman,10,19,poisson,512,0.0,100.0,2c04ef76-dirty,480.0,12656.294311743,12656.294311743,9.747917,97.814583,274.151314,274.151314,58165.007053,1.000000,0.000000,9,5,8,15,0.888889,delay-uniform,300.000,1000.000,0.033264,528.000
snowman-n25,snowman,25,0,poisson,512,0.0,100.0,2c04ef76-dirty,480.0,14065.185163450,14065.185163450,23.195833,96.208333,616.237201,616.237201,77538.464164,1.000000,0.000000,20,11,16,15,0.800000,delay-exponential,300.000,1000.000,0.038099,528.000
snowman-n25,snowman,25,1,poisson,512,0.0,100.0,2c04ef76-dirty,480.0,12939.198105094,12939.198105094,22.785417,95.500000,618.350279,618.350279,78575.636829,1.000000,0.000000,20,11,16,15,0.800000,delay-exponential,300.000,1000.000,0.038505,528.000
snowman-n25,snowman,25,2,poisson,512,0.0,100.0,2c04ef76-dirty,480.0,14023.318508381,14023.318508381,23.570833,95.647917,613.132049,613.132049,76577.349125,1.000000,0.000000,20,11,16,15,0.800000,delay-exponential,300.000,1000.000,0.037106,528.000
snowman-n25,snowman,25,3,poisson,512,0.0,100.0,2c04ef76-dirty,480.0,12892.220727426,12892.220727426,23.241667,95.887500,613.833811,613.833811,77333.437791,1.000000,0.000000,20,11,16,15,0.800000,delay-exponential,300.000,1000.000,0.036199,528.000
snowman-n25,snowman,25,4,poisson,512,0.0,100.0,2c04ef76-dirty,480.0,12970.733585152,12970.733585152,23.031250,95.085417,614.874084,614.874084,77866.522659,1.000000,0.000000,20,11,16,15,0.800000,delay-exponential,300.000,1000.000,0.036601,528.000
snowman-n25,snowman,25,5,poisson,512,0.0,100.0,2c04ef76-dirty,480.0,14339.159268236,14339.159268236,23.560417,97.327083,614.402158,614.402158,76646.637192,1.000000,0.000000,20,11,16,15,0.800000,delay-exponential,300.000,1000.000,0.035480,528.000
snowman-n25,snowman,25,6,poisson,512,0.0,100.0,2c04ef76-dirty,480.0,14212.751875159,14212.751875159,23.097917,96.135417,616.108776,616.108776,77757.534049,1.000000,0.000000,20,11,16,15,0.800000,delay-exponential,300.000,1000.000,0.038004,528.000
snowman-n25,snowman,25,7,poisson,512,0.0,100.0,2c04ef76-dirty,480.0,12699.166839019,12699.166839019,23.295833,95.572917,614.244500,614.244500,77231.724200,1.000000,0.000000,20,11,16,15,0.800000,delay-exponential,300.000,1000.000,0.038108,528.000
snowman-n25,snowman,25,8,poisson,512,0.0,100.0,2c04ef76-dirty,480.0,13954.952208582,13954.952208582,23.087500,96.131250,616.205649,616.205649,77789.995308,1.000000,0.000000,20,11,16,15,0.800000,delay-exponential,300.000,1000.000,0.036348,528.000
snowman-n25,snowman,25,9,poisson,512,0.0,100.0,2c04ef76-dirty,480.0,13829.371755771,13829.371755771,23.093750,96.360417,616.439332,616.439332,77775.717817,1.000000,0.000000,20,11,16,15,0.800000,delay-exponential,300.000,1000.000,0.038178,528.000
snowman-n25,snowman,25,10,poisson,512,0.0,100.0,2c04ef76-dirty,480.0,13123.190301966,13123.190301966,23.141667,97.156250,616.573371,616.573371,77675.705798,1.000000,0.000000,20,11,16,15,0.800000,delay-exponential,300.000,1000.000,0.038268,528.000
snowman-n25,snowman,25,11,poisson,512,0.0,100.0,2c04ef76-dirty,480.0,13956.573468783,13956.573468783,23.508333,96.162500,612.724123,612.724123,76699.419355,1.000000,0.000000,20,11,16,15,0.800000,delay-exponential,300.000,1000.000,0.037612,528.000
snowman-n25,snowman,25,12,poisson,512,0.0,100.0,2c04ef76-dirty,480.0,14180.890875317,14180.890875317,23.150000,96.414583,614.948164,614.948164,77596.224622,1.000000,0.000000,20,11,16,15,0.800000,delay-exponential,300.000,1000.000,0.037922,528.000
snowman-n25,snowman,25,13,poisson,512,0.0,100.0,2c04ef76-dirty,480.0,10169.768853549,10169.768853549,23.097917,96.981250,618.445837,618.445837,77855.637052,1.000000,0.000000,20,11,16,15,0.800000,delay-exponential,300.000,1000.000,0.038004,528.000
snowman-n25,snowman,25,14,poisson,512,0.0,100.0,2c04ef76-dirty,480.0,13963.567343450,13963.567343450,22.797917,95.745833,617.189802,617.189802,78495.015261,1.000000,0.000000,20,11,16,15,0.800000,delay-exponential,300.000,1000.000,0.035859,528.000
snowman-n25,snowman,25,15,poisson,512,0.0,100.0,2c04ef76-dirty,480.0,11946.873951541,11946.873951541,23.158333,95.566667,613.703940,613.703940,77527.384671,1.000000,0.000000,20,11,16,15,0.800000,delay-exponential,300.000,1000.000,0.037576,528.000
snowman-n25,snowman,25,16,poisson,512,0.0,100.0,2c04ef76-dirty,480.0,13997.862631048,13997.862631048,23.341667,95.641667,615.081400,615.081400,77166.366298,1.000000,0.000000,20,11,16,15,0.800000,delay-exponential,300.000,1000.000,0.036215,528.000
snowman-n25,snowman,25,17,poisson,512,0.0,100.0,2c04ef76-dirty,480.0,13768.782841330,13768.782841330,23.095833,96.660417,617.690420,617.690420,77830.211799,1.000000,0.000000,20,11,16,15,0.800000,delay-exponential,300.000,1000.000,0.036000,528.000
snowman-n25,snowman,25,18,poisson,512,0.0,100.0,2c04ef76-dirty,480.0,13722.664956868,13722.664956868,23.072917,95.964583,613.690835,613.690835,77722.991242,1.000000,0.000000,20,11,16,15,0.800000,delay-exponential,300.000,1000.000,0.032751,528.000
snowman-n25,snowman,25,19,poisson,512,0.0,100.0,2c04ef76-dirty,480.0,13402.588761531,13402.588761531,23.254167,96.633333,615.187332,615.187332,77363.796811,1.000000,0.000000,20,11,16,15,0.800000,delay-exponential,300.000,1000.000,0.037759,528.000
snowman-n25,snowman,25,0,poisson,512,0.0,100.0,2c04ef76-dirty,480.0,12186.145288631,12186.145288631,24.385417,97.691667,607.974199,607.974199,74632.260402,1.000000,0.000000,20,11,16,15,0.800000,delay-uniform,300.000,1000.000,0.034639,528.000
snowman-n25,snowman,25,1,poisson,512,0.0,100.0,2c04ef76-dirty,480.0,12219.986664220,12219.986664220,24.385417,97.391667,607.999744,607.999744,74633.282187,1.000000,0.000000,20,11,16,15,0.800000,delay-uniform,300.000,1000.000,0.034639,528.000
snowman-n25,snowman,25,2,poisson,512,0.0,100.0,2c04ef76-dirty,480.0,12205.198676686,12205.198676686,24.387500,97.033333,607.915086,607.915086,74625.597813,1.000000,0.000000,20,11,16,15,0.800000,delay-uniform,300.000,1000.000,0.034557,528.000
snowman-n25,snowman,25,3,poisson,512,0.0,100.0,2c04ef76-dirty,480.0,12301.764759661,12301.764759661,24.383333,97.952083,608.052204,608.052204,74639.679426,1.000000,0.000000,20,11,16,15,0.800000,delay-uniform,300.000,1000.000,0.034722,528.000
snowman-n25,snowman,25,4,poisson,512,0.0,100.0,2c04ef76-dirty,480.0,12154.844726443,12154.844726443,24.383333,97.827083,608.034091,608.034091,74638.954887,1.000000,0.000000,20,11,16,15,0.800000,delay-uniform,300.000,1000.000,0.034722,528.000
snowman-n25,snowman,25,5,poisson,512,0.0,100.0,2c04ef76-dirty,480.0,12208.794869052,12208.794869052,24.381250,98.131250,608.093309,608.093309,74645.623174,1.000000,0.000000,20,11,16,15,0.800000,delay-uniform,300.000,1000.000,0.034804,528.000
snowman-n25,snowman,25,6,poisson,512,0.0,100.0,2c04ef76-dirty,480.0,12215.222937851,12215.222937851,24.385417,97.995833,607.982315,607.982315,74632.585049,1.000000,0.000000,20,11,16,15,0.800000,delay-uniform,300.000,1000.000,0.034639,528.000
snowman-n25,snowman,25,7,poisson,512,0.0,100.0,2c04ef76-dirty,480.0,12205.604763927,12205.604763927,24.385417,97.968750,607.998975,607.998975,74633.251431,1.000000,0.000000,20,11,16,15,0.800000,delay-uniform,300.000,1000.000,0.034639,528.000
snowman-n25,snowman,25,8,poisson,512,0.0,100.0,2c04ef76-dirty,480.0,12105.734516360,12105.734516360,24.381250,97.864583,608.067504,608.067504,74644.590960,1.000000,0.000000,20,11,16,15,0.800000,delay-uniform,300.000,1000.000,0.034804,528.000
snowman-n25,snowman,25,9,poisson,512,0.0,100.0,2c04ef76-dirty,480.0,12231.972895456,12231.972895456,24.387500,97.847917,607.949001,607.949001,74626.954382,1.000000,0.000000,20,11,16,15,0.800000,delay-uniform,300.000,1000.000,0.034557,528.000
snowman-n25,snowman,25,10,poisson,512,0.0,100.0,2c04ef76-dirty,480.0,12208.113687422,12208.113687422,24.381250,98.468750,608.102025,608.102025,74645.971802,1.000000,0.000000,20,11,16,15,0.800000,delay-uniform,300.000,1000.000,0.034804,528.000
snowman-n25,snowman,25,11,poisson,512,0.0,100.0,2c04ef76-dirty,480.0,12160.230110811,12160.230110811,24.389583,97.937500,607.869565,607.869565,74619.479628,1.000000,0.000000,20,11,16,15,0.800000,delay-uniform,300.000,1000.000,0.034474,528.000
snowman-n25,snowman,25,12,poisson,512,0.0,100.0,2c04ef76-dirty,480.0,12229.578295599,12229.578295599,24.385417,98.554167,607.970013,607.970013,74632.092952,1.000000,0.000000,20,11,16,15,0.800000,delay-uniform,300.000,1000.000,0.034639,528.000
snowman-n25,snowman,25,13,poisson,512,0.0,100.0,2c04ef76-dirty,480.0,12243.230271125,12243.230271125,24.377083,97.820833,608.166909,608.166909,74657.168447,1.000000,0.000000,20,11,16,15,0.800000,delay-uniform,300.000,1000.000,0.034969,528.000
snowman-n25,snowman,25,14,poisson,512,0.0,100.0,2c04ef76-dirty,480.0,12203.002559001,12203.002559001,24.385417,97.968750,607.961299,607.961299,74631.744383,1.000000,0.000000,20,11,16,15,0.800000,delay-uniform,300.000,1000.000,0.034639,528.000
snowman-n25,snowman,25,15,poisson,512,0.0,100.0,2c04ef76-dirty,480.0,12195.846215677,12195.846215677,24.389583,97.891667,607.859230,607.859230,74619.066200,1.000000,0.000000,20,11,16,15,0.800000,delay-uniform,300.000,1000.000,0.034474,528.000
snowman-n25,snowman,25,16,poisson,512,0.0,100.0,2c04ef76-dirty,480.0,12119.040867131,12119.040867131,24.385417,97.027083,607.996412,607.996412,74633.148911,1.000000,0.000000,20,11,16,15,0.800000,delay-uniform,300.000,1000.000,0.034639,528.000
snowman-n25,snowman,25,17,poisson,512,0.0,100.0,2c04ef76-dirty,480.0,12210.056112206,12210.056112206,24.377083,97.658333,608.194770,608.194770,74658.282882,1.000000,0.000000,20,11,16,15,0.800000,delay-uniform,300.000,1000.000,0.034969,528.000
snowman-n25,snowman,25,18,poisson,512,0.0,100.0,2c04ef76-dirty,480.0,12269.683801478,12269.683801478,24.383333,97.858333,608.050923,608.050923,74639.628161,1.000000,0.000000,20,11,16,15,0.800000,delay-uniform,300.000,1000.000,0.034722,528.000
snowman-n25,snowman,25,19,poisson,512,0.0,100.0,2c04ef76-dirty,480.0,12197.137455983,12197.137455983,24.381250,97.814583,608.086644,608.086644,74645.356575,1.000000,0.000000,20,11,16,15,0.800000,delay-uniform,300.000,1000.000,0.034804,528.000
